<?xml version="1.0" encoding="UTF-8"?>
<Tokens version="1.0">
  <Token>
    <TokenIdentifier>
      <Name>load</Name>
      <APILanguage>c</APILanguage>
      <Type>func</Type>
    </TokenIdentifier>
    <Path>_actor_8h.html</Path>
    <Anchor>af3dc1f4eaeaabc4cb2741c991bc47f3d</Anchor>
    <DeclaredIn>Actor.h</DeclaredIn>
  </Token>
  <Token>
    <TokenIdentifier>
      <Name>startMenu</Name>
      <APILanguage>c</APILanguage>
      <Type>func</Type>
    </TokenIdentifier>
    <Path>_actor_8h.html</Path>
    <Anchor>adb4b7104b34632fd046d9a534eced233</Anchor>
    <DeclaredIn>Actor.h</DeclaredIn>
  </Token>
  <Token>
    <TokenIdentifier>
      <Name>gameManager</Name>
      <APILanguage>c</APILanguage>
      <Type>func</Type>
    </TokenIdentifier>
    <Path>_actor_8h.html</Path>
    <Anchor>a1fa62b46e875fff4cb5f5ea66f93a671</Anchor>
    <DeclaredIn>Actor.h</DeclaredIn>
  </Token>
  <Token>
    <TokenIdentifier>
      <Name>startOption</Name>
      <APILanguage>c</APILanguage>
      <Type>func</Type>
    </TokenIdentifier>
    <Path>_actor_8h.html</Path>
    <Anchor>a9421d775ae363a991198f68d5dbf7b19</Anchor>
    <DeclaredIn>Actor.h</DeclaredIn>
  </Token>
  <Token>
    <TokenIdentifier>
      <Name>save</Name>
      <APILanguage>c</APILanguage>
      <Type>func</Type>
    </TokenIdentifier>
    <Path>_actor_8h.html</Path>
    <Anchor>ae37e254cdfd11133af9b06c52f393d6e</Anchor>
    <DeclaredIn>Actor.h</DeclaredIn>
  </Token>
  <Token>
    <TokenIdentifier>
      <Name>playerAttack</Name>
      <APILanguage>c</APILanguage>
      <Type>func</Type>
    </TokenIdentifier>
    <Path>_actor_8h.html</Path>
    <Anchor>a0d2f7982285746f2c3086e8c3430c8aa</Anchor>
    <DeclaredIn>Actor.h</DeclaredIn>
  </Token>
  <Token>
    <TokenIdentifier>
      <Name>enemyAttack</Name>
      <APILanguage>c</APILanguage>
      <Type>func</Type>
    </TokenIdentifier>
    <Path>_actor_8h.html</Path>
    <Anchor>a6ed74ea3fa73fdffd3a3bc0199d51910</Anchor>
    <DeclaredIn>Actor.h</DeclaredIn>
  </Token>
  <Token>
    <TokenIdentifier>
      <Name>heal</Name>
      <APILanguage>c</APILanguage>
      <Type>func</Type>
    </TokenIdentifier>
    <Path>_actor_8h.html</Path>
    <Anchor>a4fc2c0136e62f2b645a505e3bd2d75be</Anchor>
    <DeclaredIn>Actor.h</DeclaredIn>
  </Token>
  <Token>
    <TokenIdentifier>
      <Name>smack</Name>
      <APILanguage>c</APILanguage>
      <Type>func</Type>
    </TokenIdentifier>
    <Path>_actor_8h.html</Path>
    <Anchor>a7fffa328a80d69f42c77deccb0c98a2d</Anchor>
    <DeclaredIn>Actor.h</DeclaredIn>
  </Token>
  <Token>
    <TokenIdentifier>
      <Name>block</Name>
      <APILanguage>c</APILanguage>
      <Type>func</Type>
    </TokenIdentifier>
    <Path>_actor_8h.html</Path>
    <Anchor>a81aa732ee1c52ed612ce57909dde6b75</Anchor>
    <DeclaredIn>Actor.h</DeclaredIn>
  </Token>
  <Token>
    <TokenIdentifier>
      <Name>battle</Name>
      <APILanguage>c</APILanguage>
      <Type>func</Type>
    </TokenIdentifier>
    <Path>_actor_8h.html</Path>
    <Anchor>a9f1fc8afafd91b62e36d45f690623ec3</Anchor>
    <DeclaredIn>Actor.h</DeclaredIn>
  </Token>
  <Token>
    <TokenIdentifier>
      <Name>CRTR</Name>
      <APILanguage>c</APILanguage>
      <Type>func</Type>
    </TokenIdentifier>
    <Path>_actor_8h.html</Path>
    <Anchor>a7c6049047dd1945c70484e3e37847f7b</Anchor>
    <DeclaredIn>Actor.h</DeclaredIn>
  </Token>
  <Token>
    <TokenIdentifier>
      <Name>_actor_8h</Name>
      <APILanguage>javascript</APILanguage>
      <Type>data</Type>
    </TokenIdentifier>
    <Path>__actor__8h_8js.html</Path>
    <Anchor>a4cdb2e6226300d88bc2b9fe43cdb4f50</Anchor>
    <DeclaredIn>_actor_8h.js</DeclaredIn>
  </Token>
  <Token>
    <TokenIdentifier>
      <Name>annotated_dup</Name>
      <APILanguage>javascript</APILanguage>
      <Type>data</Type>
    </TokenIdentifier>
    <Path>annotated__dup_8js.html</Path>
    <Anchor>a3984d1c56eac86ebbabcf0f3233514a2</Anchor>
    <DeclaredIn>annotated_dup.js</DeclaredIn>
  </Token>
  <Token>
    <TokenIdentifier>
      <Name>class_bonus</Name>
      <APILanguage>javascript</APILanguage>
      <Type>data</Type>
    </TokenIdentifier>
    <Path>class__bonus_8js.html</Path>
    <Anchor>a4102d8b9fe2262c242e60844d5f24008</Anchor>
    <DeclaredIn>class_bonus.js</DeclaredIn>
  </Token>
  <Token>
    <TokenIdentifier>
      <Name>class_creator</Name>
      <APILanguage>javascript</APILanguage>
      <Type>data</Type>
    </TokenIdentifier>
    <Path>class__creator_8js.html</Path>
    <Anchor>a07255171278d31266b353c0011d75367</Anchor>
    <DeclaredIn>class_creator.js</DeclaredIn>
  </Token>
  <Token>
    <TokenIdentifier>
      <Name>class_developer</Name>
      <APILanguage>javascript</APILanguage>
      <Type>data</Type>
    </TokenIdentifier>
    <Path>class__developer_8js.html</Path>
    <Anchor>a3f1bad2090a15675dc0987ca7473ae58</Anchor>
    <DeclaredIn>class_developer.js</DeclaredIn>
  </Token>
  <Token>
    <TokenIdentifier>
      <Name>class_game_date</Name>
      <APILanguage>javascript</APILanguage>
      <Type>data</Type>
    </TokenIdentifier>
    <Path>class__game__date_8js.html</Path>
    <Anchor>a6435af62dc5ccdbdafc1145837e78e37</Anchor>
    <DeclaredIn>class_game_date.js</DeclaredIn>
  </Token>
  <Token>
    <TokenIdentifier>
      <Name>classmy___number_t</Name>
      <APILanguage>javascript</APILanguage>
      <Type>data</Type>
    </TokenIdentifier>
    <Path>classmy______number__t_8js.html</Path>
    <Anchor>aed325919b54721b23132f41be24cee5f</Anchor>
    <DeclaredIn>classmy___number_t.js</DeclaredIn>
  </Token>
  <Token>
    <TokenIdentifier>
      <Name>toggleVisibility</Name>
      <APILanguage>javascript</APILanguage>
      <Type>func</Type>
    </TokenIdentifier>
    <Path>dynsections_8js.html</Path>
    <Anchor>a1922c462474df7dfd18741c961d59a25</Anchor>
    <DeclaredIn>dynsections.js</DeclaredIn>
  </Token>
  <Token>
    <TokenIdentifier>
      <Name>updateStripes</Name>
      <APILanguage>javascript</APILanguage>
      <Type>func</Type>
    </TokenIdentifier>
    <Path>dynsections_8js.html</Path>
    <Anchor>a8f7493ad859d4fbf2523917511ee7177</Anchor>
    <DeclaredIn>dynsections.js</DeclaredIn>
  </Token>
  <Token>
    <TokenIdentifier>
      <Name>toggleLevel</Name>
      <APILanguage>javascript</APILanguage>
      <Type>func</Type>
    </TokenIdentifier>
    <Path>dynsections_8js.html</Path>
    <Anchor>a19f577cc1ba571396a85bb1f48bf4df2</Anchor>
    <DeclaredIn>dynsections.js</DeclaredIn>
  </Token>
  <Token>
    <TokenIdentifier>
      <Name>toggleFolder</Name>
      <APILanguage>javascript</APILanguage>
      <Type>func</Type>
    </TokenIdentifier>
    <Path>dynsections_8js.html</Path>
    <Anchor>af244da4527af2d845dca04f5656376cd</Anchor>
    <DeclaredIn>dynsections.js</DeclaredIn>
  </Token>
  <Token>
    <TokenIdentifier>
      <Name>toggleInherit</Name>
      <APILanguage>javascript</APILanguage>
      <Type>func</Type>
    </TokenIdentifier>
    <Path>dynsections_8js.html</Path>
    <Anchor>ac057b640b17ff32af11ced151c9305b4</Anchor>
    <DeclaredIn>dynsections.js</DeclaredIn>
  </Token>
  <Token>
    <TokenIdentifier>
      <Name>files</Name>
      <APILanguage>javascript</APILanguage>
      <Type>data</Type>
    </TokenIdentifier>
    <Path>files_8js.html</Path>
    <Anchor>a0742cac2750bccc2d88ac080fb9daa22</Anchor>
    <DeclaredIn>files.js</DeclaredIn>
  </Token>
  <Token>
    <TokenIdentifier>
      <Name>hierarchy</Name>
      <APILanguage>javascript</APILanguage>
      <Type>data</Type>
    </TokenIdentifier>
    <Path>hierarchy_8js.html</Path>
    <Anchor>ad9447ad30669c42ccb861cbe36a18f6b</Anchor>
    <DeclaredIn>hierarchy.js</DeclaredIn>
  </Token>
  <Token>
    <TokenIdentifier>
      <Name>extend</Name>
      <APILanguage>javascript</APILanguage>
      <Type>func</Type>
    </TokenIdentifier>
    <Path>jquery_8js.html</Path>
    <Anchor>a5fb206c91c64d1be35fde236706eab86</Anchor>
    <DeclaredIn>jquery.js</DeclaredIn>
  </Token>
  <Token>
    <TokenIdentifier>
      <Name>each</Name>
      <APILanguage>javascript</APILanguage>
      <Type>func</Type>
    </TokenIdentifier>
    <Path>jquery_8js.html</Path>
    <Anchor>a871ff39db627c54c710a3e9909b8234c</Anchor>
    <DeclaredIn>jquery.js</DeclaredIn>
  </Token>
  <Token>
    <TokenIdentifier>
      <Name>if</Name>
      <APILanguage>javascript</APILanguage>
      <Type>func</Type>
    </TokenIdentifier>
    <Path>jquery_8js.html</Path>
    <Anchor>a9db6d45a025ad692282fe23e69eeba43</Anchor>
    <DeclaredIn>jquery.js</DeclaredIn>
  </Token>
  <Token>
    <TokenIdentifier>
      <Name>b</Name>
      <APILanguage>javascript</APILanguage>
      <Type>func</Type>
    </TokenIdentifier>
    <Path>jquery_8js.html</Path>
    <Anchor>a2fa551895933fae935a0a6b87282241d</Anchor>
    <DeclaredIn>jquery.js</DeclaredIn>
  </Token>
  <Token>
    <TokenIdentifier>
      <Name>if</Name>
      <APILanguage>javascript</APILanguage>
      <Type>func</Type>
    </TokenIdentifier>
    <Path>jquery_8js.html</Path>
    <Anchor>a30d3d2cd5b567c9f31b2aa30b9cb3bb8</Anchor>
    <DeclaredIn>jquery.js</DeclaredIn>
  </Token>
  <Token>
    <TokenIdentifier>
      <Name>if</Name>
      <APILanguage>javascript</APILanguage>
      <Type>func</Type>
    </TokenIdentifier>
    <Path>jquery_8js.html</Path>
    <Anchor>a2c54bd8ed7482e89d19331ba61fe221c</Anchor>
    <DeclaredIn>jquery.js</DeclaredIn>
  </Token>
  <Token>
    <TokenIdentifier>
      <Name>p</Name>
      <APILanguage>javascript</APILanguage>
      <Type>func</Type>
    </TokenIdentifier>
    <Path>jquery_8js.html</Path>
    <Anchor>a2335e57f79b6acfb6de59c235dc8a83e</Anchor>
    <DeclaredIn>jquery.js</DeclaredIn>
  </Token>
  <Token>
    <TokenIdentifier>
      <Name>if</Name>
      <APILanguage>javascript</APILanguage>
      <Type>func</Type>
    </TokenIdentifier>
    <Path>jquery_8js.html</Path>
    <Anchor>a42cbfadee2b4749e8f699ea8d745a0e4</Anchor>
    <DeclaredIn>jquery.js</DeclaredIn>
  </Token>
  <Token>
    <TokenIdentifier>
      <Name>bb</Name>
      <APILanguage>javascript</APILanguage>
      <Type>data</Type>
    </TokenIdentifier>
    <Path>jquery_8js.html</Path>
    <Anchor>a1d6558865876e1c8cca029fce41a4bdb</Anchor>
    <DeclaredIn>jquery.js</DeclaredIn>
  </Token>
  <Token>
    <TokenIdentifier>
      <Name>L</Name>
      <APILanguage>javascript</APILanguage>
      <Type>data</Type>
    </TokenIdentifier>
    <Path>jquery_8js.html</Path>
    <Anchor>a38ee4c0b5f4fe2a18d0c783af540d253</Anchor>
    <DeclaredIn>jquery.js</DeclaredIn>
  </Token>
  <Token>
    <TokenIdentifier>
      <Name>b</Name>
      <APILanguage>javascript</APILanguage>
      <Type>data</Type>
    </TokenIdentifier>
    <Path>jquery_8js.html</Path>
    <Anchor>aa4026ad5544b958e54ce5e106fa1c805</Anchor>
    <DeclaredIn>jquery.js</DeclaredIn>
  </Token>
  <Token>
    <TokenIdentifier>
      <Name>au</Name>
      <APILanguage>javascript</APILanguage>
      <Type>data</Type>
    </TokenIdentifier>
    <Path>jquery_8js.html</Path>
    <Anchor>a4fd8ddfab07c8d7c7cae0ab0e052cad3</Anchor>
    <DeclaredIn>jquery.js</DeclaredIn>
  </Token>
  <Token>
    <TokenIdentifier>
      <Name>css</Name>
      <APILanguage>javascript</APILanguage>
      <Type>data</Type>
    </TokenIdentifier>
    <Path>jquery_8js.html</Path>
    <Anchor>a89ad527fcd82c01ebb587332f5b4fcd4</Anchor>
    <DeclaredIn>jquery.js</DeclaredIn>
  </Token>
  <Token>
    <TokenIdentifier>
      <Name>curCSS</Name>
      <APILanguage>javascript</APILanguage>
      <Type>data</Type>
    </TokenIdentifier>
    <Path>jquery_8js.html</Path>
    <Anchor>a88b21f8ba3af86d6981b1da520ece33b</Anchor>
    <DeclaredIn>jquery.js</DeclaredIn>
  </Token>
  <Token>
    <TokenIdentifier>
      <Name>Z</Name>
      <APILanguage>javascript</APILanguage>
      <Type>data</Type>
    </TokenIdentifier>
    <Path>jquery_8js.html</Path>
    <Anchor>adc18d83abfd9f87d396e8fd6b6ac0fe1</Anchor>
    <DeclaredIn>jquery.js</DeclaredIn>
  </Token>
  <Token>
    <TokenIdentifier>
      <Name>k</Name>
      <APILanguage>javascript</APILanguage>
      <Type>data</Type>
    </TokenIdentifier>
    <Path>jquery_8js.html</Path>
    <Anchor>ab26645c014aa005ecedef329ecf58c99</Anchor>
    <DeclaredIn>jquery.js</DeclaredIn>
  </Token>
  <Token>
    <TokenIdentifier>
      <Name>ap</Name>
      <APILanguage>javascript</APILanguage>
      <Type>data</Type>
    </TokenIdentifier>
    <Path>jquery_8js.html</Path>
    <Anchor>a6ddf393cc7f9a8828e197bb0d9916c44</Anchor>
    <DeclaredIn>jquery.js</DeclaredIn>
  </Token>
  <Token>
    <TokenIdentifier>
      <Name>bs</Name>
      <APILanguage>javascript</APILanguage>
      <Type>data</Type>
    </TokenIdentifier>
    <Path>jquery_8js.html</Path>
    <Anchor>ae77642f8ef73fb9c20c2a737d956acda</Anchor>
    <DeclaredIn>jquery.js</DeclaredIn>
  </Token>
  <Token>
    <TokenIdentifier>
      <Name>bq</Name>
      <APILanguage>javascript</APILanguage>
      <Type>data</Type>
    </TokenIdentifier>
    <Path>jquery_8js.html</Path>
    <Anchor>af6ee77c71b2c89bdb365145ac5ad1219</Anchor>
    <DeclaredIn>jquery.js</DeclaredIn>
  </Token>
  <Token>
    <TokenIdentifier>
      <Name>aD</Name>
      <APILanguage>javascript</APILanguage>
      <Type>data</Type>
    </TokenIdentifier>
    <Path>jquery_8js.html</Path>
    <Anchor>ad223f5fba68c41c1236671ac5c5b0fcb</Anchor>
    <DeclaredIn>jquery.js</DeclaredIn>
  </Token>
  <Token>
    <TokenIdentifier>
      <Name>aZ</Name>
      <APILanguage>javascript</APILanguage>
      <Type>data</Type>
    </TokenIdentifier>
    <Path>jquery_8js.html</Path>
    <Anchor>ac87125cdee1a5e57da4ef619af49bc7d</Anchor>
    <DeclaredIn>jquery.js</DeclaredIn>
  </Token>
  <Token>
    <TokenIdentifier>
      <Name>aM</Name>
      <APILanguage>javascript</APILanguage>
      <Type>data</Type>
    </TokenIdentifier>
    <Path>jquery_8js.html</Path>
    <Anchor>a8cc6111a5def3ea889157d13fb9a9672</Anchor>
    <DeclaredIn>jquery.js</DeclaredIn>
  </Token>
  <Token>
    <TokenIdentifier>
      <Name>aQ</Name>
      <APILanguage>javascript</APILanguage>
      <Type>data</Type>
    </TokenIdentifier>
    <Path>jquery_8js.html</Path>
    <Anchor>a79eb58dc6cdf0aef563d5dc1ded27df5</Anchor>
    <DeclaredIn>jquery.js</DeclaredIn>
  </Token>
  <Token>
    <TokenIdentifier>
      <Name>c</Name>
      <APILanguage>javascript</APILanguage>
      <Type>data</Type>
    </TokenIdentifier>
    <Path>jquery_8js.html</Path>
    <Anchor>abce695e0af988ece0826d9ad59b8160d</Anchor>
    <DeclaredIn>jquery.js</DeclaredIn>
  </Token>
  <Token>
    <TokenIdentifier>
      <Name>main_8cpp</Name>
      <APILanguage>javascript</APILanguage>
      <Type>data</Type>
    </TokenIdentifier>
    <Path>main__8cpp_8js.html</Path>
    <Anchor>abcdaa38400a914ba2ff5d79e6a825708</Anchor>
    <DeclaredIn>main_8cpp.js</DeclaredIn>
  </Token>
  <Token>
    <TokenIdentifier>
      <Name>getData</Name>
      <APILanguage>javascript</APILanguage>
      <Type>func</Type>
    </TokenIdentifier>
    <Path>navtree_8js.html</Path>
    <Anchor>a819e84218d50e54d98161b272d1d5b01</Anchor>
    <DeclaredIn>navtree.js</DeclaredIn>
  </Token>
  <Token>
    <TokenIdentifier>
      <Name>stripPath</Name>
      <APILanguage>javascript</APILanguage>
      <Type>func</Type>
    </TokenIdentifier>
    <Path>navtree_8js.html</Path>
    <Anchor>a9336c21407bb7ced644331eb7a2a6e35</Anchor>
    <DeclaredIn>navtree.js</DeclaredIn>
  </Token>
  <Token>
    <TokenIdentifier>
      <Name>stripPath2</Name>
      <APILanguage>javascript</APILanguage>
      <Type>func</Type>
    </TokenIdentifier>
    <Path>navtree_8js.html</Path>
    <Anchor>a70bc36adda6141a703fc7ee2b772ec63</Anchor>
    <DeclaredIn>navtree.js</DeclaredIn>
  </Token>
  <Token>
    <TokenIdentifier>
      <Name>hashValue</Name>
      <APILanguage>javascript</APILanguage>
      <Type>func</Type>
    </TokenIdentifier>
    <Path>navtree_8js.html</Path>
    <Anchor>aaeb20639619e1371c030d36a7109b27b</Anchor>
    <DeclaredIn>navtree.js</DeclaredIn>
  </Token>
  <Token>
    <TokenIdentifier>
      <Name>hashUrl</Name>
      <APILanguage>javascript</APILanguage>
      <Type>func</Type>
    </TokenIdentifier>
    <Path>navtree_8js.html</Path>
    <Anchor>a20695277530a1a04eef8d289177a5e40</Anchor>
    <DeclaredIn>navtree.js</DeclaredIn>
  </Token>
  <Token>
    <TokenIdentifier>
      <Name>pathName</Name>
      <APILanguage>javascript</APILanguage>
      <Type>func</Type>
    </TokenIdentifier>
    <Path>navtree_8js.html</Path>
    <Anchor>a364b3f4132309fa9aae78585cf2cb772</Anchor>
    <DeclaredIn>navtree.js</DeclaredIn>
  </Token>
  <Token>
    <TokenIdentifier>
      <Name>localStorageSupported</Name>
      <APILanguage>javascript</APILanguage>
      <Type>func</Type>
    </TokenIdentifier>
    <Path>navtree_8js.html</Path>
    <Anchor>ac49af616f532f2364be9f58280469d33</Anchor>
    <DeclaredIn>navtree.js</DeclaredIn>
  </Token>
  <Token>
    <TokenIdentifier>
      <Name>storeLink</Name>
      <APILanguage>javascript</APILanguage>
      <Type>func</Type>
    </TokenIdentifier>
    <Path>navtree_8js.html</Path>
    <Anchor>ade730323aadb971c053136b7758c9dce</Anchor>
    <DeclaredIn>navtree.js</DeclaredIn>
  </Token>
  <Token>
    <TokenIdentifier>
      <Name>deleteLink</Name>
      <APILanguage>javascript</APILanguage>
      <Type>func</Type>
    </TokenIdentifier>
    <Path>navtree_8js.html</Path>
    <Anchor>abdf8e0e69c89803c1b84784a13b7fd2e</Anchor>
    <DeclaredIn>navtree.js</DeclaredIn>
  </Token>
  <Token>
    <TokenIdentifier>
      <Name>cachedLink</Name>
      <APILanguage>javascript</APILanguage>
      <Type>func</Type>
    </TokenIdentifier>
    <Path>navtree_8js.html</Path>
    <Anchor>aaa2d293f55e5fe3620af4f9a2836e428</Anchor>
    <DeclaredIn>navtree.js</DeclaredIn>
  </Token>
  <Token>
    <TokenIdentifier>
      <Name>getScript</Name>
      <APILanguage>javascript</APILanguage>
      <Type>func</Type>
    </TokenIdentifier>
    <Path>navtree_8js.html</Path>
    <Anchor>a32f4aac18d03aee747b55dea195731ac</Anchor>
    <DeclaredIn>navtree.js</DeclaredIn>
  </Token>
  <Token>
    <TokenIdentifier>
      <Name>createIndent</Name>
      <APILanguage>javascript</APILanguage>
      <Type>func</Type>
    </TokenIdentifier>
    <Path>navtree_8js.html</Path>
    <Anchor>a4d8f406d49520a0cede2e48347a3d7aa</Anchor>
    <DeclaredIn>navtree.js</DeclaredIn>
  </Token>
  <Token>
    <TokenIdentifier>
      <Name>gotoAnchor</Name>
      <APILanguage>javascript</APILanguage>
      <Type>func</Type>
    </TokenIdentifier>
    <Path>navtree_8js.html</Path>
    <Anchor>aee1fc3771eeb15da54962a03da1f3c11</Anchor>
    <DeclaredIn>navtree.js</DeclaredIn>
  </Token>
  <Token>
    <TokenIdentifier>
      <Name>newNode</Name>
      <APILanguage>javascript</APILanguage>
      <Type>func</Type>
    </TokenIdentifier>
    <Path>navtree_8js.html</Path>
    <Anchor>aa2418b16159e9502e990f97ea6ec26c8</Anchor>
    <DeclaredIn>navtree.js</DeclaredIn>
  </Token>
  <Token>
    <TokenIdentifier>
      <Name>showRoot</Name>
      <APILanguage>javascript</APILanguage>
      <Type>func</Type>
    </TokenIdentifier>
    <Path>navtree_8js.html</Path>
    <Anchor>af98a8e3534da945399ea20870c0f3e92</Anchor>
    <DeclaredIn>navtree.js</DeclaredIn>
  </Token>
  <Token>
    <TokenIdentifier>
      <Name>expandNode</Name>
      <APILanguage>javascript</APILanguage>
      <Type>func</Type>
    </TokenIdentifier>
    <Path>navtree_8js.html</Path>
    <Anchor>a4eb1f166c9d93b198e1621a4c787a412</Anchor>
    <DeclaredIn>navtree.js</DeclaredIn>
  </Token>
  <Token>
    <TokenIdentifier>
      <Name>glowEffect</Name>
      <APILanguage>javascript</APILanguage>
      <Type>func</Type>
    </TokenIdentifier>
    <Path>navtree_8js.html</Path>
    <Anchor>a23b68d2deb28f9c2678f546e2d60e5ee</Anchor>
    <DeclaredIn>navtree.js</DeclaredIn>
  </Token>
  <Token>
    <TokenIdentifier>
      <Name>highlightAnchor</Name>
      <APILanguage>javascript</APILanguage>
      <Type>func</Type>
    </TokenIdentifier>
    <Path>navtree_8js.html</Path>
    <Anchor>a524fa9bfd80c70bf3a84696b2077eadb</Anchor>
    <DeclaredIn>navtree.js</DeclaredIn>
  </Token>
  <Token>
    <TokenIdentifier>
      <Name>selectAndHighlight</Name>
      <APILanguage>javascript</APILanguage>
      <Type>func</Type>
    </TokenIdentifier>
    <Path>navtree_8js.html</Path>
    <Anchor>a0dbf0d5f6126afd88420745f7d3c202d</Anchor>
    <DeclaredIn>navtree.js</DeclaredIn>
  </Token>
  <Token>
    <TokenIdentifier>
      <Name>showNode</Name>
      <APILanguage>javascript</APILanguage>
      <Type>func</Type>
    </TokenIdentifier>
    <Path>navtree_8js.html</Path>
    <Anchor>a0238ad48be94f9f5fd305ea40b8f64ab</Anchor>
    <DeclaredIn>navtree.js</DeclaredIn>
  </Token>
  <Token>
    <TokenIdentifier>
      <Name>removeToInsertLater</Name>
      <APILanguage>javascript</APILanguage>
      <Type>func</Type>
    </TokenIdentifier>
    <Path>navtree_8js.html</Path>
    <Anchor>aa78016020f40c28356aefd325cd4df74</Anchor>
    <DeclaredIn>navtree.js</DeclaredIn>
  </Token>
  <Token>
    <TokenIdentifier>
      <Name>getNode</Name>
      <APILanguage>javascript</APILanguage>
      <Type>func</Type>
    </TokenIdentifier>
    <Path>navtree_8js.html</Path>
    <Anchor>a256aa4fbee866e9227f78e82e9f258bb</Anchor>
    <DeclaredIn>navtree.js</DeclaredIn>
  </Token>
  <Token>
    <TokenIdentifier>
      <Name>gotoNode</Name>
      <APILanguage>javascript</APILanguage>
      <Type>func</Type>
    </TokenIdentifier>
    <Path>navtree_8js.html</Path>
    <Anchor>a0e6a2d65190a43246d668bba554243e5</Anchor>
    <DeclaredIn>navtree.js</DeclaredIn>
  </Token>
  <Token>
    <TokenIdentifier>
      <Name>navTo</Name>
      <APILanguage>javascript</APILanguage>
      <Type>func</Type>
    </TokenIdentifier>
    <Path>navtree_8js.html</Path>
    <Anchor>a21beb601032fff375100a907f32129a5</Anchor>
    <DeclaredIn>navtree.js</DeclaredIn>
  </Token>
  <Token>
    <TokenIdentifier>
      <Name>showSyncOff</Name>
      <APILanguage>javascript</APILanguage>
      <Type>func</Type>
    </TokenIdentifier>
    <Path>navtree_8js.html</Path>
    <Anchor>a6522b3f540ead0febf12ccf5fc1f04c4</Anchor>
    <DeclaredIn>navtree.js</DeclaredIn>
  </Token>
  <Token>
    <TokenIdentifier>
      <Name>showSyncOn</Name>
      <APILanguage>javascript</APILanguage>
      <Type>func</Type>
    </TokenIdentifier>
    <Path>navtree_8js.html</Path>
    <Anchor>a84095390aca39b6cb693d3fb22d32dd0</Anchor>
    <DeclaredIn>navtree.js</DeclaredIn>
  </Token>
  <Token>
    <TokenIdentifier>
      <Name>toggleSyncButton</Name>
      <APILanguage>javascript</APILanguage>
      <Type>func</Type>
    </TokenIdentifier>
    <Path>navtree_8js.html</Path>
    <Anchor>a646cb31d83b39aafec92e0e1d123563a</Anchor>
    <DeclaredIn>navtree.js</DeclaredIn>
  </Token>
  <Token>
    <TokenIdentifier>
      <Name>initNavTree</Name>
      <APILanguage>javascript</APILanguage>
      <Type>func</Type>
    </TokenIdentifier>
    <Path>navtree_8js.html</Path>
    <Anchor>aa7b3067e7ef0044572ba86240b1e58ce</Anchor>
    <DeclaredIn>navtree.js</DeclaredIn>
  </Token>
  <Token>
    <TokenIdentifier>
      <Name>navTreeSubIndices</Name>
      <APILanguage>javascript</APILanguage>
      <Type>data</Type>
    </TokenIdentifier>
    <Path>navtree_8js.html</Path>
    <Anchor>aee39e0d4ab2646ada03125bd7e750cf7</Anchor>
    <DeclaredIn>navtree.js</DeclaredIn>
  </Token>
  <Token>
    <TokenIdentifier>
      <Name>animationInProgress</Name>
      <APILanguage>javascript</APILanguage>
      <Type>data</Type>
    </TokenIdentifier>
    <Path>navtree_8js.html</Path>
    <Anchor>a588cb5a5004d817923eb3f45c8f0f7c7</Anchor>
    <DeclaredIn>navtree.js</DeclaredIn>
  </Token>
  <Token>
    <TokenIdentifier>
      <Name>NAVTREE</Name>
      <APILanguage>javascript</APILanguage>
      <Type>data</Type>
    </TokenIdentifier>
    <Path>navtreedata_8js.html</Path>
    <Anchor>afc3e53a71ba26a8215797019b9b1451b</Anchor>
    <DeclaredIn>navtreedata.js</DeclaredIn>
  </Token>
  <Token>
    <TokenIdentifier>
      <Name>NAVTREEINDEX</Name>
      <APILanguage>javascript</APILanguage>
      <Type>data</Type>
    </TokenIdentifier>
    <Path>navtreedata_8js.html</Path>
    <Anchor>a51b2088f00a4f2f20d495e65be359cd8</Anchor>
    <DeclaredIn>navtreedata.js</DeclaredIn>
  </Token>
  <Token>
    <TokenIdentifier>
      <Name>SYNCONMSG</Name>
      <APILanguage>javascript</APILanguage>
      <Type>data</Type>
    </TokenIdentifier>
    <Path>navtreedata_8js.html</Path>
    <Anchor>ab31fdb4752a1ada1b708d49d7482f948</Anchor>
    <DeclaredIn>navtreedata.js</DeclaredIn>
  </Token>
  <Token>
    <TokenIdentifier>
      <Name>SYNCOFFMSG</Name>
      <APILanguage>javascript</APILanguage>
      <Type>data</Type>
    </TokenIdentifier>
    <Path>navtreedata_8js.html</Path>
    <Anchor>a8b93d8f469f8aeb3a0c17b922a2d32ed</Anchor>
    <DeclaredIn>navtreedata.js</DeclaredIn>
  </Token>
  <Token>
    <TokenIdentifier>
      <Name>NAVTREEINDEX0</Name>
      <APILanguage>javascript</APILanguage>
      <Type>data</Type>
    </TokenIdentifier>
    <Path>navtreeindex0_8js.html</Path>
    <Anchor>a27601402e464d8aaacc40c422ad0426a</Anchor>
    <DeclaredIn>navtreeindex0.js</DeclaredIn>
  </Token>
  <Token>
    <TokenIdentifier>
      <Name>readCookie</Name>
      <APILanguage>javascript</APILanguage>
      <Type>func</Type>
    </TokenIdentifier>
    <Path>resize_8js.html</Path>
    <Anchor>a578d54a5ebd9224fad0213048e7a49a7</Anchor>
    <DeclaredIn>resize.js</DeclaredIn>
  </Token>
  <Token>
    <TokenIdentifier>
      <Name>writeCookie</Name>
      <APILanguage>javascript</APILanguage>
      <Type>func</Type>
    </TokenIdentifier>
    <Path>resize_8js.html</Path>
    <Anchor>ad0822459a7d442b8c5e4db795d0aabb4</Anchor>
    <DeclaredIn>resize.js</DeclaredIn>
  </Token>
  <Token>
    <TokenIdentifier>
      <Name>resizeWidth</Name>
      <APILanguage>javascript</APILanguage>
      <Type>func</Type>
    </TokenIdentifier>
    <Path>resize_8js.html</Path>
    <Anchor>a99942f5b5c75445364f2437051090367</Anchor>
    <DeclaredIn>resize.js</DeclaredIn>
  </Token>
  <Token>
    <TokenIdentifier>
      <Name>restoreWidth</Name>
      <APILanguage>javascript</APILanguage>
      <Type>func</Type>
    </TokenIdentifier>
    <Path>resize_8js.html</Path>
    <Anchor>a517273f9259c941fd618dda7a901e6c2</Anchor>
    <DeclaredIn>resize.js</DeclaredIn>
  </Token>
  <Token>
    <TokenIdentifier>
      <Name>resizeHeight</Name>
      <APILanguage>javascript</APILanguage>
      <Type>func</Type>
    </TokenIdentifier>
    <Path>resize_8js.html</Path>
    <Anchor>a4bd3414bc1780222b192bcf33b645804</Anchor>
    <DeclaredIn>resize.js</DeclaredIn>
  </Token>
  <Token>
    <TokenIdentifier>
      <Name>initResizable</Name>
      <APILanguage>javascript</APILanguage>
      <Type>func</Type>
    </TokenIdentifier>
    <Path>resize_8js.html</Path>
    <Anchor>a4d56aa7aa73d0ddf385565075fdfe271</Anchor>
    <DeclaredIn>resize.js</DeclaredIn>
  </Token>
  <Token>
    <TokenIdentifier>
      <Name>cookie_namespace</Name>
      <APILanguage>javascript</APILanguage>
      <Type>data</Type>
    </TokenIdentifier>
    <Path>resize_8js.html</Path>
    <Anchor>ab3321080c64c8797ebbcd6e30982c62c</Anchor>
    <DeclaredIn>resize.js</DeclaredIn>
  </Token>
  <Token>
    <TokenIdentifier>
      <Name>sidenav</Name>
      <APILanguage>javascript</APILanguage>
      <Type>data</Type>
    </TokenIdentifier>
    <Path>resize_8js.html</Path>
    <Anchor>a9a7b07fe0df5af5957564912e842c0a4</Anchor>
    <DeclaredIn>resize.js</DeclaredIn>
  </Token>
  <Token>
    <TokenIdentifier>
      <Name>navtree</Name>
      <APILanguage>javascript</APILanguage>
      <Type>data</Type>
    </TokenIdentifier>
    <Path>resize_8js.html</Path>
    <Anchor>a711d37a3374012d4f6060fffe0abea55</Anchor>
    <DeclaredIn>resize.js</DeclaredIn>
  </Token>
  <Token>
    <TokenIdentifier>
      <Name>content</Name>
      <APILanguage>javascript</APILanguage>
      <Type>data</Type>
    </TokenIdentifier>
    <Path>resize_8js.html</Path>
    <Anchor>abaa405b2de1fea05ef421122098b4750</Anchor>
    <DeclaredIn>resize.js</DeclaredIn>
  </Token>
  <Token>
    <TokenIdentifier>
      <Name>header</Name>
      <APILanguage>javascript</APILanguage>
      <Type>data</Type>
    </TokenIdentifier>
    <Path>resize_8js.html</Path>
    <Anchor>af920c2a7d4f4b5a962fe8e11257f871d</Anchor>
    <DeclaredIn>resize.js</DeclaredIn>
  </Token>
  <Token>
    <TokenIdentifier>
      <Name>searchData</Name>
      <APILanguage>javascript</APILanguage>
      <Type>data</Type>
    </TokenIdentifier>
    <Path>all__0_8js.html</Path>
    <Anchor>ad01a7523f103d6242ef9b0451861231e</Anchor>
    <DeclaredIn>all_0.js</DeclaredIn>
  </Token>
  <Token>
    <TokenIdentifier>
      <Name>searchData</Name>
      <APILanguage>javascript</APILanguage>
      <Type>data</Type>
    </TokenIdentifier>
    <Path>all__1_8js.html</Path>
    <Anchor>ad01a7523f103d6242ef9b0451861231e</Anchor>
    <DeclaredIn>all_1.js</DeclaredIn>
  </Token>
  <Token>
    <TokenIdentifier>
      <Name>cpp</Name>
      <APILanguage>javascript</APILanguage>
      <Type>data</Type>
    </TokenIdentifier>
    <Path>all__1_8js.html</Path>
    <Anchor>ae6a0774bd5e525c8e13c5026cb8484c1</Anchor>
    <DeclaredIn>all_1.js</DeclaredIn>
  </Token>
  <Token>
    <TokenIdentifier>
      <Name>searchData</Name>
      <APILanguage>javascript</APILanguage>
      <Type>data</Type>
    </TokenIdentifier>
    <Path>all__2_8js.html</Path>
    <Anchor>ad01a7523f103d6242ef9b0451861231e</Anchor>
    <DeclaredIn>all_2.js</DeclaredIn>
  </Token>
  <Token>
    <TokenIdentifier>
      <Name>cpp</Name>
      <APILanguage>javascript</APILanguage>
      <Type>data</Type>
    </TokenIdentifier>
    <Path>all__2_8js.html</Path>
    <Anchor>ae6a0774bd5e525c8e13c5026cb8484c1</Anchor>
    <DeclaredIn>all_2.js</DeclaredIn>
  </Token>
  <Token>
    <TokenIdentifier>
      <Name>searchData</Name>
      <APILanguage>javascript</APILanguage>
      <Type>data</Type>
    </TokenIdentifier>
    <Path>all__3_8js.html</Path>
    <Anchor>ad01a7523f103d6242ef9b0451861231e</Anchor>
    <DeclaredIn>all_3.js</DeclaredIn>
  </Token>
  <Token>
    <TokenIdentifier>
      <Name>searchData</Name>
      <APILanguage>javascript</APILanguage>
      <Type>data</Type>
    </TokenIdentifier>
    <Path>all__4_8js.html</Path>
    <Anchor>ad01a7523f103d6242ef9b0451861231e</Anchor>
    <DeclaredIn>all_4.js</DeclaredIn>
  </Token>
  <Token>
    <TokenIdentifier>
      <Name>cpp</Name>
      <APILanguage>javascript</APILanguage>
      <Type>data</Type>
    </TokenIdentifier>
    <Path>all__4_8js.html</Path>
    <Anchor>ae6a0774bd5e525c8e13c5026cb8484c1</Anchor>
    <DeclaredIn>all_4.js</DeclaredIn>
  </Token>
  <Token>
    <TokenIdentifier>
      <Name>searchData</Name>
      <APILanguage>javascript</APILanguage>
      <Type>data</Type>
    </TokenIdentifier>
    <Path>all__5_8js.html</Path>
    <Anchor>ad01a7523f103d6242ef9b0451861231e</Anchor>
    <DeclaredIn>all_5.js</DeclaredIn>
  </Token>
  <Token>
    <TokenIdentifier>
      <Name>searchData</Name>
      <APILanguage>javascript</APILanguage>
      <Type>data</Type>
    </TokenIdentifier>
    <Path>all__6_8js.html</Path>
    <Anchor>ad01a7523f103d6242ef9b0451861231e</Anchor>
    <DeclaredIn>all_6.js</DeclaredIn>
  </Token>
  <Token>
    <TokenIdentifier>
      <Name>cpp</Name>
      <APILanguage>javascript</APILanguage>
      <Type>data</Type>
    </TokenIdentifier>
    <Path>all__6_8js.html</Path>
    <Anchor>ae6a0774bd5e525c8e13c5026cb8484c1</Anchor>
    <DeclaredIn>all_6.js</DeclaredIn>
  </Token>
  <Token>
    <TokenIdentifier>
      <Name>searchData</Name>
      <APILanguage>javascript</APILanguage>
      <Type>data</Type>
    </TokenIdentifier>
    <Path>all__7_8js.html</Path>
    <Anchor>ad01a7523f103d6242ef9b0451861231e</Anchor>
    <DeclaredIn>all_7.js</DeclaredIn>
  </Token>
  <Token>
    <TokenIdentifier>
      <Name>cpp</Name>
      <APILanguage>javascript</APILanguage>
      <Type>data</Type>
    </TokenIdentifier>
    <Path>all__7_8js.html</Path>
    <Anchor>ae6a0774bd5e525c8e13c5026cb8484c1</Anchor>
    <DeclaredIn>all_7.js</DeclaredIn>
  </Token>
  <Token>
    <TokenIdentifier>
      <Name>searchData</Name>
      <APILanguage>javascript</APILanguage>
      <Type>data</Type>
    </TokenIdentifier>
    <Path>all__8_8js.html</Path>
    <Anchor>ad01a7523f103d6242ef9b0451861231e</Anchor>
    <DeclaredIn>all_8.js</DeclaredIn>
  </Token>
  <Token>
    <TokenIdentifier>
      <Name>cpp</Name>
      <APILanguage>javascript</APILanguage>
      <Type>data</Type>
    </TokenIdentifier>
    <Path>all__8_8js.html</Path>
    <Anchor>ae6a0774bd5e525c8e13c5026cb8484c1</Anchor>
    <DeclaredIn>all_8.js</DeclaredIn>
  </Token>
  <Token>
    <TokenIdentifier>
      <Name>searchData</Name>
      <APILanguage>javascript</APILanguage>
      <Type>data</Type>
    </TokenIdentifier>
    <Path>all__9_8js.html</Path>
    <Anchor>ad01a7523f103d6242ef9b0451861231e</Anchor>
    <DeclaredIn>all_9.js</DeclaredIn>
  </Token>
  <Token>
    <TokenIdentifier>
      <Name>searchData</Name>
      <APILanguage>javascript</APILanguage>
      <Type>data</Type>
    </TokenIdentifier>
    <Path>all__a_8js.html</Path>
    <Anchor>ad01a7523f103d6242ef9b0451861231e</Anchor>
    <DeclaredIn>all_a.js</DeclaredIn>
  </Token>
  <Token>
    <TokenIdentifier>
      <Name>searchData</Name>
      <APILanguage>javascript</APILanguage>
      <Type>data</Type>
    </TokenIdentifier>
    <Path>all__b_8js.html</Path>
    <Anchor>ad01a7523f103d6242ef9b0451861231e</Anchor>
    <DeclaredIn>all_b.js</DeclaredIn>
  </Token>
  <Token>
    <TokenIdentifier>
      <Name>cpp</Name>
      <APILanguage>javascript</APILanguage>
      <Type>data</Type>
    </TokenIdentifier>
    <Path>all__b_8js.html</Path>
    <Anchor>ae6a0774bd5e525c8e13c5026cb8484c1</Anchor>
    <DeclaredIn>all_b.js</DeclaredIn>
  </Token>
  <Token>
    <TokenIdentifier>
      <Name>searchData</Name>
      <APILanguage>javascript</APILanguage>
      <Type>data</Type>
    </TokenIdentifier>
    <Path>all__c_8js.html</Path>
    <Anchor>ad01a7523f103d6242ef9b0451861231e</Anchor>
    <DeclaredIn>all_c.js</DeclaredIn>
  </Token>
  <Token>
    <TokenIdentifier>
      <Name>searchData</Name>
      <APILanguage>javascript</APILanguage>
      <Type>data</Type>
    </TokenIdentifier>
    <Path>all__d_8js.html</Path>
    <Anchor>ad01a7523f103d6242ef9b0451861231e</Anchor>
    <DeclaredIn>all_d.js</DeclaredIn>
  </Token>
  <Token>
    <TokenIdentifier>
      <Name>searchData</Name>
      <APILanguage>javascript</APILanguage>
      <Type>data</Type>
    </TokenIdentifier>
    <Path>classes__0_8js.html</Path>
    <Anchor>ad01a7523f103d6242ef9b0451861231e</Anchor>
    <DeclaredIn>classes_0.js</DeclaredIn>
  </Token>
  <Token>
    <TokenIdentifier>
      <Name>searchData</Name>
      <APILanguage>javascript</APILanguage>
      <Type>data</Type>
    </TokenIdentifier>
    <Path>classes__1_8js.html</Path>
    <Anchor>ad01a7523f103d6242ef9b0451861231e</Anchor>
    <DeclaredIn>classes_1.js</DeclaredIn>
  </Token>
  <Token>
    <TokenIdentifier>
      <Name>searchData</Name>
      <APILanguage>javascript</APILanguage>
      <Type>data</Type>
    </TokenIdentifier>
    <Path>classes__2_8js.html</Path>
    <Anchor>ad01a7523f103d6242ef9b0451861231e</Anchor>
    <DeclaredIn>classes_2.js</DeclaredIn>
  </Token>
  <Token>
    <TokenIdentifier>
      <Name>searchData</Name>
      <APILanguage>javascript</APILanguage>
      <Type>data</Type>
    </TokenIdentifier>
    <Path>classes__3_8js.html</Path>
    <Anchor>ad01a7523f103d6242ef9b0451861231e</Anchor>
    <DeclaredIn>classes_3.js</DeclaredIn>
  </Token>
  <Token>
    <TokenIdentifier>
      <Name>searchData</Name>
      <APILanguage>javascript</APILanguage>
      <Type>data</Type>
    </TokenIdentifier>
    <Path>classes__4_8js.html</Path>
    <Anchor>ad01a7523f103d6242ef9b0451861231e</Anchor>
    <DeclaredIn>classes_4.js</DeclaredIn>
  </Token>
  <Token>
    <TokenIdentifier>
      <Name>searchData</Name>
      <APILanguage>javascript</APILanguage>
      <Type>data</Type>
    </TokenIdentifier>
    <Path>classes__5_8js.html</Path>
    <Anchor>ad01a7523f103d6242ef9b0451861231e</Anchor>
    <DeclaredIn>classes_5.js</DeclaredIn>
  </Token>
  <Token>
    <TokenIdentifier>
      <Name>gt</Name>
      <APILanguage>javascript</APILanguage>
      <Type>data</Type>
    </TokenIdentifier>
    <Path>classes__5_8js.html</Path>
    <Anchor>aa08ec55bf93fdc712b35ddf5774f94dd</Anchor>
    <DeclaredIn>classes_5.js</DeclaredIn>
  </Token>
  <Token>
    <TokenIdentifier>
      <Name>searchData</Name>
      <APILanguage>javascript</APILanguage>
      <Type>data</Type>
    </TokenIdentifier>
    <Path>files__0_8js.html</Path>
    <Anchor>ad01a7523f103d6242ef9b0451861231e</Anchor>
    <DeclaredIn>files_0.js</DeclaredIn>
  </Token>
  <Token>
    <TokenIdentifier>
      <Name>searchData</Name>
      <APILanguage>javascript</APILanguage>
      <Type>data</Type>
    </TokenIdentifier>
    <Path>files__1_8js.html</Path>
    <Anchor>ad01a7523f103d6242ef9b0451861231e</Anchor>
    <DeclaredIn>files_1.js</DeclaredIn>
  </Token>
  <Token>
    <TokenIdentifier>
      <Name>searchData</Name>
      <APILanguage>javascript</APILanguage>
      <Type>data</Type>
    </TokenIdentifier>
    <Path>files__2_8js.html</Path>
    <Anchor>ad01a7523f103d6242ef9b0451861231e</Anchor>
    <DeclaredIn>files_2.js</DeclaredIn>
  </Token>
  <Token>
    <TokenIdentifier>
      <Name>searchData</Name>
      <APILanguage>javascript</APILanguage>
      <Type>data</Type>
    </TokenIdentifier>
    <Path>files__3_8js.html</Path>
    <Anchor>ad01a7523f103d6242ef9b0451861231e</Anchor>
    <DeclaredIn>files_3.js</DeclaredIn>
  </Token>
  <Token>
    <TokenIdentifier>
      <Name>searchData</Name>
      <APILanguage>javascript</APILanguage>
      <Type>data</Type>
    </TokenIdentifier>
    <Path>files__4_8js.html</Path>
    <Anchor>ad01a7523f103d6242ef9b0451861231e</Anchor>
    <DeclaredIn>files_4.js</DeclaredIn>
  </Token>
  <Token>
    <TokenIdentifier>
      <Name>searchData</Name>
      <APILanguage>javascript</APILanguage>
      <Type>data</Type>
    </TokenIdentifier>
    <Path>files__5_8js.html</Path>
    <Anchor>ad01a7523f103d6242ef9b0451861231e</Anchor>
    <DeclaredIn>files_5.js</DeclaredIn>
  </Token>
  <Token>
    <TokenIdentifier>
      <Name>searchData</Name>
      <APILanguage>javascript</APILanguage>
      <Type>data</Type>
    </TokenIdentifier>
    <Path>functions__0_8js.html</Path>
    <Anchor>ad01a7523f103d6242ef9b0451861231e</Anchor>
    <DeclaredIn>functions_0.js</DeclaredIn>
  </Token>
  <Token>
    <TokenIdentifier>
      <Name>searchData</Name>
      <APILanguage>javascript</APILanguage>
      <Type>data</Type>
    </TokenIdentifier>
    <Path>functions__1_8js.html</Path>
    <Anchor>ad01a7523f103d6242ef9b0451861231e</Anchor>
    <DeclaredIn>functions_1.js</DeclaredIn>
  </Token>
  <Token>
    <TokenIdentifier>
      <Name>cpp</Name>
      <APILanguage>javascript</APILanguage>
      <Type>data</Type>
    </TokenIdentifier>
    <Path>functions__1_8js.html</Path>
    <Anchor>ae6a0774bd5e525c8e13c5026cb8484c1</Anchor>
    <DeclaredIn>functions_1.js</DeclaredIn>
  </Token>
  <Token>
    <TokenIdentifier>
      <Name>searchData</Name>
      <APILanguage>javascript</APILanguage>
      <Type>data</Type>
    </TokenIdentifier>
    <Path>functions__2_8js.html</Path>
    <Anchor>ad01a7523f103d6242ef9b0451861231e</Anchor>
    <DeclaredIn>functions_2.js</DeclaredIn>
  </Token>
  <Token>
    <TokenIdentifier>
      <Name>searchData</Name>
      <APILanguage>javascript</APILanguage>
      <Type>data</Type>
    </TokenIdentifier>
    <Path>functions__3_8js.html</Path>
    <Anchor>ad01a7523f103d6242ef9b0451861231e</Anchor>
    <DeclaredIn>functions_3.js</DeclaredIn>
  </Token>
  <Token>
    <TokenIdentifier>
      <Name>searchData</Name>
      <APILanguage>javascript</APILanguage>
      <Type>data</Type>
    </TokenIdentifier>
    <Path>functions__4_8js.html</Path>
    <Anchor>ad01a7523f103d6242ef9b0451861231e</Anchor>
    <DeclaredIn>functions_4.js</DeclaredIn>
  </Token>
  <Token>
    <TokenIdentifier>
      <Name>cpp</Name>
      <APILanguage>javascript</APILanguage>
      <Type>data</Type>
    </TokenIdentifier>
    <Path>functions__4_8js.html</Path>
    <Anchor>ae6a0774bd5e525c8e13c5026cb8484c1</Anchor>
    <DeclaredIn>functions_4.js</DeclaredIn>
  </Token>
  <Token>
    <TokenIdentifier>
      <Name>searchData</Name>
      <APILanguage>javascript</APILanguage>
      <Type>data</Type>
    </TokenIdentifier>
    <Path>functions__5_8js.html</Path>
    <Anchor>ad01a7523f103d6242ef9b0451861231e</Anchor>
    <DeclaredIn>functions_5.js</DeclaredIn>
  </Token>
  <Token>
    <TokenIdentifier>
      <Name>cpp</Name>
      <APILanguage>javascript</APILanguage>
      <Type>data</Type>
    </TokenIdentifier>
    <Path>functions__5_8js.html</Path>
    <Anchor>ae6a0774bd5e525c8e13c5026cb8484c1</Anchor>
    <DeclaredIn>functions_5.js</DeclaredIn>
  </Token>
  <Token>
    <TokenIdentifier>
      <Name>searchData</Name>
      <APILanguage>javascript</APILanguage>
      <Type>data</Type>
    </TokenIdentifier>
    <Path>functions__6_8js.html</Path>
    <Anchor>ad01a7523f103d6242ef9b0451861231e</Anchor>
    <DeclaredIn>functions_6.js</DeclaredIn>
  </Token>
  <Token>
    <TokenIdentifier>
      <Name>cpp</Name>
      <APILanguage>javascript</APILanguage>
      <Type>data</Type>
    </TokenIdentifier>
    <Path>functions__6_8js.html</Path>
    <Anchor>ae6a0774bd5e525c8e13c5026cb8484c1</Anchor>
    <DeclaredIn>functions_6.js</DeclaredIn>
  </Token>
  <Token>
    <TokenIdentifier>
      <Name>searchData</Name>
      <APILanguage>javascript</APILanguage>
      <Type>data</Type>
    </TokenIdentifier>
    <Path>functions__7_8js.html</Path>
    <Anchor>ad01a7523f103d6242ef9b0451861231e</Anchor>
    <DeclaredIn>functions_7.js</DeclaredIn>
  </Token>
  <Token>
    <TokenIdentifier>
      <Name>cpp</Name>
      <APILanguage>javascript</APILanguage>
      <Type>data</Type>
    </TokenIdentifier>
    <Path>functions__7_8js.html</Path>
    <Anchor>ae6a0774bd5e525c8e13c5026cb8484c1</Anchor>
    <DeclaredIn>functions_7.js</DeclaredIn>
  </Token>
  <Token>
    <TokenIdentifier>
      <Name>searchData</Name>
      <APILanguage>javascript</APILanguage>
      <Type>data</Type>
    </TokenIdentifier>
    <Path>functions__8_8js.html</Path>
    <Anchor>ad01a7523f103d6242ef9b0451861231e</Anchor>
    <DeclaredIn>functions_8.js</DeclaredIn>
  </Token>
  <Token>
    <TokenIdentifier>
      <Name>searchData</Name>
      <APILanguage>javascript</APILanguage>
      <Type>data</Type>
    </TokenIdentifier>
    <Path>functions__9_8js.html</Path>
    <Anchor>ad01a7523f103d6242ef9b0451861231e</Anchor>
    <DeclaredIn>functions_9.js</DeclaredIn>
  </Token>
  <Token>
    <TokenIdentifier>
      <Name>cpp</Name>
      <APILanguage>javascript</APILanguage>
      <Type>data</Type>
    </TokenIdentifier>
    <Path>functions__9_8js.html</Path>
    <Anchor>ae6a0774bd5e525c8e13c5026cb8484c1</Anchor>
    <DeclaredIn>functions_9.js</DeclaredIn>
  </Token>
  <Token>
    <TokenIdentifier>
      <Name>searchData</Name>
      <APILanguage>javascript</APILanguage>
      <Type>data</Type>
    </TokenIdentifier>
    <Path>functions__a_8js.html</Path>
    <Anchor>ad01a7523f103d6242ef9b0451861231e</Anchor>
    <DeclaredIn>functions_a.js</DeclaredIn>
  </Token>
  <Token>
    <TokenIdentifier>
      <Name>cpp</Name>
      <APILanguage>javascript</APILanguage>
      <Type>data</Type>
    </TokenIdentifier>
    <Path>functions__a_8js.html</Path>
    <Anchor>ae6a0774bd5e525c8e13c5026cb8484c1</Anchor>
    <DeclaredIn>functions_a.js</DeclaredIn>
  </Token>
  <Token>
    <TokenIdentifier>
      <Name>searchData</Name>
      <APILanguage>javascript</APILanguage>
      <Type>data</Type>
    </TokenIdentifier>
    <Path>functions__b_8js.html</Path>
    <Anchor>ad01a7523f103d6242ef9b0451861231e</Anchor>
    <DeclaredIn>functions_b.js</DeclaredIn>
  </Token>
  <Token>
    <TokenIdentifier>
      <Name>convertToId</Name>
      <APILanguage>javascript</APILanguage>
      <Type>func</Type>
    </TokenIdentifier>
    <Path>search_8js.html</Path>
    <Anchor>a196a29bd5a5ee7cd5b485e0753a49e57</Anchor>
    <DeclaredIn>search.js</DeclaredIn>
  </Token>
  <Token>
    <TokenIdentifier>
      <Name>getXPos</Name>
      <APILanguage>javascript</APILanguage>
      <Type>func</Type>
    </TokenIdentifier>
    <Path>search_8js.html</Path>
    <Anchor>a76d24aea0009f892f8ccc31d941c0a2b</Anchor>
    <DeclaredIn>search.js</DeclaredIn>
  </Token>
  <Token>
    <TokenIdentifier>
      <Name>getYPos</Name>
      <APILanguage>javascript</APILanguage>
      <Type>func</Type>
    </TokenIdentifier>
    <Path>search_8js.html</Path>
    <Anchor>a8d7b405228661d7b6216b6925d2b8a69</Anchor>
    <DeclaredIn>search.js</DeclaredIn>
  </Token>
  <Token>
    <TokenIdentifier>
      <Name>SearchBox</Name>
      <APILanguage>javascript</APILanguage>
      <Type>func</Type>
    </TokenIdentifier>
    <Path>search_8js.html</Path>
    <Anchor>a52066106482f8136aa9e0ec859e8188f</Anchor>
    <DeclaredIn>search.js</DeclaredIn>
  </Token>
  <Token>
    <TokenIdentifier>
      <Name>SearchResults</Name>
      <APILanguage>javascript</APILanguage>
      <Type>func</Type>
    </TokenIdentifier>
    <Path>search_8js.html</Path>
    <Anchor>a9189b9f7a32b6bc78240f40348f7fe03</Anchor>
    <DeclaredIn>search.js</DeclaredIn>
  </Token>
  <Token>
    <TokenIdentifier>
      <Name>setKeyActions</Name>
      <APILanguage>javascript</APILanguage>
      <Type>func</Type>
    </TokenIdentifier>
    <Path>search_8js.html</Path>
    <Anchor>a98192fa2929bb8e4b0a890a4909ab9b2</Anchor>
    <DeclaredIn>search.js</DeclaredIn>
  </Token>
  <Token>
    <TokenIdentifier>
      <Name>setClassAttr</Name>
      <APILanguage>javascript</APILanguage>
      <Type>func</Type>
    </TokenIdentifier>
    <Path>search_8js.html</Path>
    <Anchor>a499422fc054a5278ae32801ec0082c56</Anchor>
    <DeclaredIn>search.js</DeclaredIn>
  </Token>
  <Token>
    <TokenIdentifier>
      <Name>createResults</Name>
      <APILanguage>javascript</APILanguage>
      <Type>func</Type>
    </TokenIdentifier>
    <Path>search_8js.html</Path>
    <Anchor>a6b2c651120de3ed1dcf0d85341d51895</Anchor>
    <DeclaredIn>search.js</DeclaredIn>
  </Token>
  <Token>
    <TokenIdentifier>
      <Name>init_search</Name>
      <APILanguage>javascript</APILanguage>
      <Type>func</Type>
    </TokenIdentifier>
    <Path>search_8js.html</Path>
    <Anchor>ae95ec7d5d450d0a8d6928a594798aaf4</Anchor>
    <DeclaredIn>search.js</DeclaredIn>
  </Token>
  <Token>
    <TokenIdentifier>
      <Name>indexSectionsWithContent</Name>
      <APILanguage>javascript</APILanguage>
      <Type>data</Type>
    </TokenIdentifier>
    <Path>searchdata_8js.html</Path>
    <Anchor>a6250af3c9b54dee6efc5f55f40c78126</Anchor>
    <DeclaredIn>searchdata.js</DeclaredIn>
  </Token>
  <Token>
    <TokenIdentifier>
      <Name>indexSectionNames</Name>
      <APILanguage>javascript</APILanguage>
      <Type>data</Type>
    </TokenIdentifier>
    <Path>searchdata_8js.html</Path>
    <Anchor>a77149ceed055c6c6ce40973b5bdc19ad</Anchor>
    <DeclaredIn>searchdata.js</DeclaredIn>
  </Token>
  <Token>
    <TokenIdentifier>
      <Name>indexSectionLabels</Name>
      <APILanguage>javascript</APILanguage>
      <Type>data</Type>
    </TokenIdentifier>
    <Path>searchdata_8js.html</Path>
    <Anchor>a529972e449c82dc118cbbd3bcf50c44d</Anchor>
    <DeclaredIn>searchdata.js</DeclaredIn>
  </Token>
  <Token>
    <TokenIdentifier>
      <Name>searchData</Name>
      <APILanguage>javascript</APILanguage>
      <Type>data</Type>
    </TokenIdentifier>
    <Path>variables__0_8js.html</Path>
    <Anchor>ad01a7523f103d6242ef9b0451861231e</Anchor>
    <DeclaredIn>variables_0.js</DeclaredIn>
  </Token>
  <Token>
    <TokenIdentifier>
      <Name>searchData</Name>
      <APILanguage>javascript</APILanguage>
      <Type>data</Type>
    </TokenIdentifier>
    <Path>variables__1_8js.html</Path>
    <Anchor>ad01a7523f103d6242ef9b0451861231e</Anchor>
    <DeclaredIn>variables_1.js</DeclaredIn>
  </Token>
  <Token>
    <TokenIdentifier>
      <Name>searchData</Name>
      <APILanguage>javascript</APILanguage>
      <Type>data</Type>
    </TokenIdentifier>
    <Path>variables__2_8js.html</Path>
    <Anchor>ad01a7523f103d6242ef9b0451861231e</Anchor>
    <DeclaredIn>variables_2.js</DeclaredIn>
  </Token>
  <Token>
    <TokenIdentifier>
      <Name>searchData</Name>
      <APILanguage>javascript</APILanguage>
      <Type>data</Type>
    </TokenIdentifier>
    <Path>variables__3_8js.html</Path>
    <Anchor>ad01a7523f103d6242ef9b0451861231e</Anchor>
    <DeclaredIn>variables_3.js</DeclaredIn>
  </Token>
  <Token>
    <TokenIdentifier>
      <Name>searchData</Name>
      <APILanguage>javascript</APILanguage>
      <Type>data</Type>
    </TokenIdentifier>
    <Path>variables__4_8js.html</Path>
    <Anchor>ad01a7523f103d6242ef9b0451861231e</Anchor>
    <DeclaredIn>variables_4.js</DeclaredIn>
  </Token>
  <Token>
    <TokenIdentifier>
      <Name>searchData</Name>
      <APILanguage>javascript</APILanguage>
      <Type>data</Type>
    </TokenIdentifier>
    <Path>variables__5_8js.html</Path>
    <Anchor>ad01a7523f103d6242ef9b0451861231e</Anchor>
    <DeclaredIn>variables_5.js</DeclaredIn>
  </Token>
  <Token>
    <TokenIdentifier>
      <Name>searchData</Name>
      <APILanguage>javascript</APILanguage>
      <Type>data</Type>
    </TokenIdentifier>
    <Path>variables__6_8js.html</Path>
    <Anchor>ad01a7523f103d6242ef9b0451861231e</Anchor>
    <DeclaredIn>variables_6.js</DeclaredIn>
  </Token>
  <Token>
    <TokenIdentifier>
      <Name>searchData</Name>
      <APILanguage>javascript</APILanguage>
      <Type>data</Type>
    </TokenIdentifier>
    <Path>variables__7_8js.html</Path>
    <Anchor>ad01a7523f103d6242ef9b0451861231e</Anchor>
    <DeclaredIn>variables_7.js</DeclaredIn>
  </Token>
  <Token>
    <TokenIdentifier>
      <Name>struct_actor</Name>
      <APILanguage>javascript</APILanguage>
      <Type>data</Type>
    </TokenIdentifier>
    <Path>struct__actor_8js.html</Path>
    <Anchor>a7d15b6b6767526af9000e266fa4b3b55</Anchor>
    <DeclaredIn>struct_actor.js</DeclaredIn>
  </Token>
  <Token>
    <TokenIdentifier>
      <Name>main</Name>
      <APILanguage>c</APILanguage>
      <Type>func</Type>
    </TokenIdentifier>
    <Path>main_8cpp.html</Path>
    <Anchor>ae66f6b31b5ad750f1fe042a706a4e3d4</Anchor>
    <DeclaredIn>main.cpp</DeclaredIn>
  </Token>
  <Token>
    <TokenIdentifier>
      <Name>startMenu</Name>
      <APILanguage>c</APILanguage>
      <Type>func</Type>
    </TokenIdentifier>
    <Path>main_8cpp.html</Path>
    <Anchor>adb4b7104b34632fd046d9a534eced233</Anchor>
    <DeclaredIn>main.cpp</DeclaredIn>
  </Token>
  <Token>
    <TokenIdentifier>
      <Name>gameManager</Name>
      <APILanguage>c</APILanguage>
      <Type>func</Type>
    </TokenIdentifier>
    <Path>main_8cpp.html</Path>
    <Anchor>a1fa62b46e875fff4cb5f5ea66f93a671</Anchor>
    <DeclaredIn>main.cpp</DeclaredIn>
  </Token>
  <Token>
    <TokenIdentifier>
      <Name>startOption</Name>
      <APILanguage>c</APILanguage>
      <Type>func</Type>
    </TokenIdentifier>
    <Path>main_8cpp.html</Path>
    <Anchor>a9421d775ae363a991198f68d5dbf7b19</Anchor>
    <DeclaredIn>main.cpp</DeclaredIn>
  </Token>
  <Token>
    <TokenIdentifier>
      <Name>save</Name>
      <APILanguage>c</APILanguage>
      <Type>func</Type>
    </TokenIdentifier>
    <Path>main_8cpp.html</Path>
    <Anchor>ae37e254cdfd11133af9b06c52f393d6e</Anchor>
    <DeclaredIn>main.cpp</DeclaredIn>
  </Token>
  <Token>
    <TokenIdentifier>
      <Name>load</Name>
      <APILanguage>c</APILanguage>
      <Type>func</Type>
    </TokenIdentifier>
    <Path>main_8cpp.html</Path>
    <Anchor>af3dc1f4eaeaabc4cb2741c991bc47f3d</Anchor>
    <DeclaredIn>main.cpp</DeclaredIn>
  </Token>
  <Token>
    <TokenIdentifier>
      <Name>CRTR</Name>
      <APILanguage>c</APILanguage>
      <Type>func</Type>
    </TokenIdentifier>
    <Path>main_8cpp.html</Path>
    <Anchor>a7c6049047dd1945c70484e3e37847f7b</Anchor>
    <DeclaredIn>main.cpp</DeclaredIn>
  </Token>
  <Token>
    <TokenIdentifier>
      <Name>playerAttack</Name>
      <APILanguage>c</APILanguage>
      <Type>func</Type>
    </TokenIdentifier>
    <Path>main_8cpp.html</Path>
    <Anchor>a0d2f7982285746f2c3086e8c3430c8aa</Anchor>
    <DeclaredIn>main.cpp</DeclaredIn>
  </Token>
  <Token>
    <TokenIdentifier>
      <Name>enemyAttack</Name>
      <APILanguage>c</APILanguage>
      <Type>func</Type>
    </TokenIdentifier>
    <Path>main_8cpp.html</Path>
    <Anchor>ab340df13ba844ded5c4de5a3d9a7a3dc</Anchor>
    <DeclaredIn>main.cpp</DeclaredIn>
  </Token>
  <Token>
    <TokenIdentifier>
      <Name>block</Name>
      <APILanguage>c</APILanguage>
      <Type>func</Type>
    </TokenIdentifier>
    <Path>main_8cpp.html</Path>
    <Anchor>a81aa732ee1c52ed612ce57909dde6b75</Anchor>
    <DeclaredIn>main.cpp</DeclaredIn>
  </Token>
  <Token>
    <TokenIdentifier>
      <Name>heal</Name>
      <APILanguage>c</APILanguage>
      <Type>func</Type>
    </TokenIdentifier>
    <Path>main_8cpp.html</Path>
    <Anchor>a4fc2c0136e62f2b645a505e3bd2d75be</Anchor>
    <DeclaredIn>main.cpp</DeclaredIn>
  </Token>
  <Token>
    <TokenIdentifier>
      <Name>smack</Name>
      <APILanguage>c</APILanguage>
      <Type>func</Type>
    </TokenIdentifier>
    <Path>main_8cpp.html</Path>
    <Anchor>a7fffa328a80d69f42c77deccb0c98a2d</Anchor>
    <DeclaredIn>main.cpp</DeclaredIn>
  </Token>
  <Token>
    <TokenIdentifier>
      <Name>enemyTurn</Name>
      <APILanguage>c</APILanguage>
      <Type>func</Type>
    </TokenIdentifier>
    <Path>main_8cpp.html</Path>
    <Anchor>a6c34c0f60b1ebdcf3f8835bc5e6ca22c</Anchor>
    <DeclaredIn>main.cpp</DeclaredIn>
  </Token>
  <Token>
    <TokenIdentifier>
      <Name>playerTurn</Name>
      <APILanguage>c</APILanguage>
      <Type>func</Type>
    </TokenIdentifier>
    <Path>main_8cpp.html</Path>
    <Anchor>a8cea86ce6455bbc0fe2dd9491af1444e</Anchor>
    <DeclaredIn>main.cpp</DeclaredIn>
  </Token>
  <Token>
    <TokenIdentifier>
      <Name>battle</Name>
      <APILanguage>c</APILanguage>
      <Type>func</Type>
    </TokenIdentifier>
    <Path>main_8cpp.html</Path>
    <Anchor>a9f1fc8afafd91b62e36d45f690623ec3</Anchor>
    <DeclaredIn>main.cpp</DeclaredIn>
  </Token>
  <Token>
    <TokenIdentifier>
      <Name>Actor</Name>
      <APILanguage>c</APILanguage>
      <Type>cl</Type>
      <Scope>Actor</Scope>
    </TokenIdentifier>
    <Path>struct_actor.html</Path>
    <DeclaredIn>Actor.h</DeclaredIn>
  </Token>
  <Token>
    <TokenIdentifier>
      <Name>attack</Name>
      <APILanguage>cpp</APILanguage>
      <Type>data</Type>
      <Scope>Actor</Scope>
    </TokenIdentifier>
    <Path>struct_actor.html</Path>
    <Anchor>a5e634d4da03f27502b3acd6babb6c94b</Anchor>
  </Token>
  <Token>
    <TokenIdentifier>
      <Name>health</Name>
      <APILanguage>cpp</APILanguage>
      <Type>data</Type>
      <Scope>Actor</Scope>
    </TokenIdentifier>
    <Path>struct_actor.html</Path>
    <Anchor>a6932c660e6b6293a66b393c3c9cb151a</Anchor>
  </Token>
  <Token>
    <TokenIdentifier>
      <Name>fullName</Name>
      <APILanguage>cpp</APILanguage>
      <Type>data</Type>
      <Scope>Actor</Scope>
    </TokenIdentifier>
    <Path>struct_actor.html</Path>
    <Anchor>a2cadac890a05336b48e5b247901f5b08</Anchor>
  </Token>
  <Token>
    <TokenIdentifier>
      <Name>classSelected</Name>
      <APILanguage>cpp</APILanguage>
      <Type>data</Type>
      <Scope>Actor</Scope>
    </TokenIdentifier>
    <Path>struct_actor.html</Path>
    <Anchor>a7950bfa41c5bb7a4ae04c925f800271e</Anchor>
  </Token>
  <Token>
    <TokenIdentifier>
      <Name>energy</Name>
      <APILanguage>cpp</APILanguage>
      <Type>data</Type>
      <Scope>Actor</Scope>
    </TokenIdentifier>
    <Path>struct_actor.html</Path>
    <Anchor>ab3bf461c752924b24b2b9a81250e5274</Anchor>
  </Token>
  <Token>
    <TokenIdentifier>
      <Name>Bonus</Name>
      <APILanguage>c</APILanguage>
      <Type>cl</Type>
      <Scope>Bonus</Scope>
    </TokenIdentifier>
    <Path>class_bonus.html</Path>
    <DeclaredIn>BonusPt.h</DeclaredIn>
  </Token>
  <Token>
    <TokenIdentifier>
      <Name>Bonus</Name>
      <APILanguage>cpp</APILanguage>
      <Type>instm</Type>
      <Scope>Bonus</Scope>
    </TokenIdentifier>
    <Path>class_bonus.html</Path>
    <Anchor>a005571f0961a2e0f1af2befc35d804cf</Anchor>
    <DeclaredIn>BonusPt.h</DeclaredIn>
  </Token>
  <Token>
    <TokenIdentifier>
      <Name>~Bonus</Name>
      <APILanguage>cpp</APILanguage>
      <Type>instm</Type>
      <Scope>Bonus</Scope>
    </TokenIdentifier>
    <Path>class_bonus.html</Path>
    <Anchor>ace96cd91925b1f65b2c8596930fed6f5</Anchor>
    <DeclaredIn>BonusPt.h</DeclaredIn>
  </Token>
  <Token>
    <TokenIdentifier>
      <Name>setNumber</Name>
      <APILanguage>cpp</APILanguage>
      <Type>instm</Type>
      <Scope>Bonus</Scope>
    </TokenIdentifier>
    <Path>class_bonus.html</Path>
    <Anchor>a9b49303ba2ac90ed51903d720c254d16</Anchor>
    <DeclaredIn>BonusPt.h</DeclaredIn>
  </Token>
  <Token>
    <TokenIdentifier>
      <Name>getNumber</Name>
      <APILanguage>cpp</APILanguage>
      <Type>instm</Type>
      <Scope>Bonus</Scope>
    </TokenIdentifier>
    <Path>class_bonus.html</Path>
    <Anchor>a8410340d40b2c2f94e6975da25715615</Anchor>
    <DeclaredIn>BonusPt.h</DeclaredIn>
  </Token>
  <Token>
    <TokenIdentifier>
      <Name>getBonus</Name>
      <APILanguage>cpp</APILanguage>
      <Type>instm</Type>
      <Scope>Bonus</Scope>
    </TokenIdentifier>
    <Path>class_bonus.html</Path>
    <Anchor>a20eafd1e0dc632fbbd86d860822e95bf</Anchor>
    <DeclaredIn>BonusPt.h</DeclaredIn>
  </Token>
  <Token>
    <TokenIdentifier>
      <Name>getMBonus</Name>
      <APILanguage>cpp</APILanguage>
      <Type>instm</Type>
      <Scope>Bonus</Scope>
    </TokenIdentifier>
    <Path>class_bonus.html</Path>
    <Anchor>aaa4cc8b64910ad7fac1a0e2408a26338</Anchor>
    <DeclaredIn>BonusPt.h</DeclaredIn>
  </Token>
  <Token>
    <TokenIdentifier>
      <Name>BonH</Name>
      <APILanguage>cpp</APILanguage>
      <Type>clm</Type>
      <Scope>Bonus</Scope>
    </TokenIdentifier>
    <Path>class_bonus.html</Path>
    <Anchor>aad2515d0e2e8a4e0c6fcbbd01c167712</Anchor>
    <DeclaredIn>BonusPt.h</DeclaredIn>
  </Token>
  <Token>
    <TokenIdentifier>
      <Name>AI_Bns</Name>
      <APILanguage>cpp</APILanguage>
      <Type>clm</Type>
      <Scope>Bonus</Scope>
    </TokenIdentifier>
    <Path>class_bonus.html</Path>
    <Anchor>ae2f51b8407ff820aa8a0a180d2158554</Anchor>
    <DeclaredIn>BonusPt.h</DeclaredIn>
  </Token>
  <Token>
    <TokenIdentifier>
      <Name>Creator</Name>
      <APILanguage>c</APILanguage>
      <Type>cl</Type>
      <Scope>Creator</Scope>
    </TokenIdentifier>
    <Path>class_creator.html</Path>
    <DeclaredIn>Creator.h</DeclaredIn>
  </Token>
  <Token>
    <TokenIdentifier>
      <Name>Creator</Name>
      <APILanguage>cpp</APILanguage>
      <Type>instm</Type>
      <Scope>Creator</Scope>
    </TokenIdentifier>
    <Path>class_creator.html</Path>
    <Anchor>abdde228294a78387338fe874accd629b</Anchor>
    <DeclaredIn>Creator.h</DeclaredIn>
  </Token>
  <Token>
    <TokenIdentifier>
      <Name>~Creator</Name>
      <APILanguage>cpp</APILanguage>
      <Type>instm</Type>
      <Scope>Creator</Scope>
    </TokenIdentifier>
    <Path>class_creator.html</Path>
    <Anchor>af8ecf377073058ea5156afa2e79f901e</Anchor>
    <DeclaredIn>Creator.h</DeclaredIn>
  </Token>
  <Token>
    <TokenIdentifier>
      <Name>setDay</Name>
      <APILanguage>cpp</APILanguage>
      <Type>instm</Type>
      <Scope>Creator</Scope>
    </TokenIdentifier>
    <Path>class_creator.html</Path>
    <Anchor>acd24fa39930d724d13a21f30ec423e4f</Anchor>
    <DeclaredIn>Creator.h</DeclaredIn>
  </Token>
  <Token>
    <TokenIdentifier>
      <Name>setLevel</Name>
      <APILanguage>cpp</APILanguage>
      <Type>instm</Type>
      <Scope>Creator</Scope>
    </TokenIdentifier>
    <Path>class_creator.html</Path>
    <Anchor>a08a3e34a0fd9f2f0005f1fefd05f4f96</Anchor>
    <DeclaredIn>Creator.h</DeclaredIn>
  </Token>
  <Token>
    <TokenIdentifier>
      <Name>getDay</Name>
      <APILanguage>cpp</APILanguage>
      <Type>instm</Type>
      <Scope>Creator</Scope>
    </TokenIdentifier>
    <Path>class_creator.html</Path>
    <Anchor>a154311115ed492e31eec167458a6ec11</Anchor>
    <DeclaredIn>Creator.h</DeclaredIn>
  </Token>
  <Token>
    <TokenIdentifier>
      <Name>getLevel</Name>
      <APILanguage>cpp</APILanguage>
      <Type>instm</Type>
      <Scope>Creator</Scope>
    </TokenIdentifier>
    <Path>class_creator.html</Path>
    <Anchor>aa8247cf632e973741f6905a1030b9306</Anchor>
    <DeclaredIn>Creator.h</DeclaredIn>
  </Token>
  <Token>
    <TokenIdentifier>
      <Name>Developer</Name>
      <APILanguage>cpp</APILanguage>
      <Type>instm</Type>
      <Scope>Developer</Scope>
    </TokenIdentifier>
    <Path>class_developer.html</Path>
    <Anchor>a1acf937b03598b68b93c010bfc90f702</Anchor>
    <DeclaredIn>Developer.h</DeclaredIn>
  </Token>
  <Token>
    <TokenIdentifier>
      <Name>Developer</Name>
      <APILanguage>cpp</APILanguage>
      <Type>instm</Type>
      <Scope>Developer</Scope>
    </TokenIdentifier>
    <Path>class_developer.html</Path>
    <Anchor>a24c1cde234cb63807179251c8516f69e</Anchor>
    <DeclaredIn>Developer.h</DeclaredIn>
  </Token>
  <Token>
    <TokenIdentifier>
      <Name>Developer</Name>
      <APILanguage>cpp</APILanguage>
      <Type>instm</Type>
      <Scope>Developer</Scope>
    </TokenIdentifier>
    <Path>class_developer.html</Path>
    <Anchor>a70d27630049849deaf3fbc8fab301908</Anchor>
    <DeclaredIn>Developer.h</DeclaredIn>
  </Token>
  <Token>
    <TokenIdentifier>
      <Name>~Developer</Name>
      <APILanguage>cpp</APILanguage>
      <Type>instm</Type>
      <Scope>Developer</Scope>
    </TokenIdentifier>
    <Path>class_developer.html</Path>
    <Anchor>a3a358890cdc55c7c473bbe0865ca0dde</Anchor>
    <DeclaredIn>Developer.h</DeclaredIn>
  </Token>
  <Token>
    <TokenIdentifier>
      <Name>setName</Name>
      <APILanguage>cpp</APILanguage>
      <Type>instm</Type>
      <Scope>Developer</Scope>
    </TokenIdentifier>
    <Path>class_developer.html</Path>
    <Anchor>aed0b441a49c60fcfbcdeb730bc6efb79</Anchor>
    <DeclaredIn>Developer.h</DeclaredIn>
  </Token>
  <Token>
    <TokenIdentifier>
      <Name>setNumber</Name>
      <APILanguage>cpp</APILanguage>
      <Type>instm</Type>
      <Scope>Developer</Scope>
    </TokenIdentifier>
    <Path>class_developer.html</Path>
    <Anchor>afa96e363d27b88c0c54ebffadef4f728</Anchor>
    <DeclaredIn>Developer.h</DeclaredIn>
  </Token>
  <Token>
    <TokenIdentifier>
      <Name>setDate</Name>
      <APILanguage>cpp</APILanguage>
      <Type>instm</Type>
      <Scope>Developer</Scope>
    </TokenIdentifier>
    <Path>class_developer.html</Path>
    <Anchor>aebac796aa948255e4ca15c8fbbc0d010</Anchor>
    <DeclaredIn>Developer.h</DeclaredIn>
  </Token>
  <Token>
    <TokenIdentifier>
      <Name>getName</Name>
      <APILanguage>cpp</APILanguage>
      <Type>instm</Type>
      <Scope>Developer</Scope>
    </TokenIdentifier>
    <Path>class_developer.html</Path>
    <Anchor>abcaa88f55cd1dbd58daf281f8b504172</Anchor>
    <DeclaredIn>Developer.h</DeclaredIn>
  </Token>
  <Token>
    <TokenIdentifier>
      <Name>getNumber</Name>
      <APILanguage>cpp</APILanguage>
      <Type>instm</Type>
      <Scope>Developer</Scope>
    </TokenIdentifier>
    <Path>class_developer.html</Path>
    <Anchor>ab1e964805d449751217f40e210596fc3</Anchor>
    <DeclaredIn>Developer.h</DeclaredIn>
  </Token>
  <Token>
    <TokenIdentifier>
      <Name>getDate</Name>
      <APILanguage>cpp</APILanguage>
      <Type>instm</Type>
      <Scope>Developer</Scope>
    </TokenIdentifier>
    <Path>class_developer.html</Path>
    <Anchor>a5ab8342af9b6352324787b66a1035c69</Anchor>
    <DeclaredIn>Developer.h</DeclaredIn>
  </Token>
  <Token>
    <TokenIdentifier>
      <Name>name</Name>
      <APILanguage>cpp</APILanguage>
      <Type>data</Type>
      <Scope>Developer</Scope>
    </TokenIdentifier>
    <Path>class_developer.html</Path>
    <Anchor>a0398c537a81a118c0cebd64e453554a8</Anchor>
  </Token>
  <Token>
    <TokenIdentifier>
      <Name>date</Name>
      <APILanguage>cpp</APILanguage>
      <Type>data</Type>
      <Scope>Developer</Scope>
    </TokenIdentifier>
    <Path>class_developer.html</Path>
    <Anchor>ad157908ba8bd6ac6b16c8e28502953be</Anchor>
  </Token>
  <Token>
    <TokenIdentifier>
      <Name>number</Name>
      <APILanguage>cpp</APILanguage>
      <Type>data</Type>
      <Scope>Developer</Scope>
    </TokenIdentifier>
    <Path>class_developer.html</Path>
    <Anchor>af8a79869e44207cd6d3ef176cff2f2d1</Anchor>
  </Token>
  <Token>
    <TokenIdentifier>
      <Name>salary</Name>
      <APILanguage>cpp</APILanguage>
      <Type>data</Type>
      <Scope>Developer</Scope>
    </TokenIdentifier>
    <Path>class_developer.html</Path>
    <Anchor>adcd646e88c19d2570f285715076db8bb</Anchor>
  </Token>
  <Token>
    <TokenIdentifier>
      <Name>Developer</Name>
      <APILanguage>c</APILanguage>
      <Type>cl</Type>
      <Scope>Developer</Scope>
    </TokenIdentifier>
    <Path>class_developer.html</Path>
    <DeclaredIn>Developer.h</DeclaredIn>
  </Token>
  <Token>
    <TokenIdentifier>
      <Name>Developer</Name>
      <APILanguage>cpp</APILanguage>
      <Type>instm</Type>
      <Scope>Developer</Scope>
    </TokenIdentifier>
    <Path>class_developer.html</Path>
    <Anchor>a1acf937b03598b68b93c010bfc90f702</Anchor>
    <DeclaredIn>Developer.h</DeclaredIn>
  </Token>
  <Token>
    <TokenIdentifier>
      <Name>Developer</Name>
      <APILanguage>cpp</APILanguage>
      <Type>instm</Type>
      <Scope>Developer</Scope>
    </TokenIdentifier>
    <Path>class_developer.html</Path>
    <Anchor>a24c1cde234cb63807179251c8516f69e</Anchor>
    <DeclaredIn>Developer.h</DeclaredIn>
  </Token>
  <Token>
    <TokenIdentifier>
      <Name>Developer</Name>
      <APILanguage>cpp</APILanguage>
      <Type>instm</Type>
      <Scope>Developer</Scope>
    </TokenIdentifier>
    <Path>class_developer.html</Path>
    <Anchor>a70d27630049849deaf3fbc8fab301908</Anchor>
    <DeclaredIn>Developer.h</DeclaredIn>
  </Token>
  <Token>
    <TokenIdentifier>
      <Name>~Developer</Name>
      <APILanguage>cpp</APILanguage>
      <Type>instm</Type>
      <Scope>Developer</Scope>
    </TokenIdentifier>
    <Path>class_developer.html</Path>
    <Anchor>a3a358890cdc55c7c473bbe0865ca0dde</Anchor>
    <DeclaredIn>Developer.h</DeclaredIn>
  </Token>
  <Token>
    <TokenIdentifier>
      <Name>setName</Name>
      <APILanguage>cpp</APILanguage>
      <Type>instm</Type>
      <Scope>Developer</Scope>
    </TokenIdentifier>
    <Path>class_developer.html</Path>
    <Anchor>aed0b441a49c60fcfbcdeb730bc6efb79</Anchor>
    <DeclaredIn>Developer.h</DeclaredIn>
  </Token>
  <Token>
    <TokenIdentifier>
      <Name>setNumber</Name>
      <APILanguage>cpp</APILanguage>
      <Type>instm</Type>
      <Scope>Developer</Scope>
    </TokenIdentifier>
    <Path>class_developer.html</Path>
    <Anchor>afa96e363d27b88c0c54ebffadef4f728</Anchor>
    <DeclaredIn>Developer.h</DeclaredIn>
  </Token>
  <Token>
    <TokenIdentifier>
      <Name>setDate</Name>
      <APILanguage>cpp</APILanguage>
      <Type>instm</Type>
      <Scope>Developer</Scope>
    </TokenIdentifier>
    <Path>class_developer.html</Path>
    <Anchor>aebac796aa948255e4ca15c8fbbc0d010</Anchor>
    <DeclaredIn>Developer.h</DeclaredIn>
  </Token>
  <Token>
    <TokenIdentifier>
      <Name>getName</Name>
      <APILanguage>cpp</APILanguage>
      <Type>instm</Type>
      <Scope>Developer</Scope>
    </TokenIdentifier>
    <Path>class_developer.html</Path>
    <Anchor>abcaa88f55cd1dbd58daf281f8b504172</Anchor>
    <DeclaredIn>Developer.h</DeclaredIn>
  </Token>
  <Token>
    <TokenIdentifier>
      <Name>getNumber</Name>
      <APILanguage>cpp</APILanguage>
      <Type>instm</Type>
      <Scope>Developer</Scope>
    </TokenIdentifier>
    <Path>class_developer.html</Path>
    <Anchor>ab1e964805d449751217f40e210596fc3</Anchor>
    <DeclaredIn>Developer.h</DeclaredIn>
  </Token>
  <Token>
    <TokenIdentifier>
      <Name>getDate</Name>
      <APILanguage>cpp</APILanguage>
      <Type>instm</Type>
      <Scope>Developer</Scope>
    </TokenIdentifier>
    <Path>class_developer.html</Path>
    <Anchor>a5ab8342af9b6352324787b66a1035c69</Anchor>
    <DeclaredIn>Developer.h</DeclaredIn>
  </Token>
  <Token>
    <TokenIdentifier>
      <Name>name</Name>
      <APILanguage>cpp</APILanguage>
      <Type>data</Type>
      <Scope>Developer</Scope>
    </TokenIdentifier>
    <Path>class_developer.html</Path>
    <Anchor>a0398c537a81a118c0cebd64e453554a8</Anchor>
  </Token>
  <Token>
    <TokenIdentifier>
      <Name>date</Name>
      <APILanguage>cpp</APILanguage>
      <Type>data</Type>
      <Scope>Developer</Scope>
    </TokenIdentifier>
    <Path>class_developer.html</Path>
    <Anchor>ad157908ba8bd6ac6b16c8e28502953be</Anchor>
  </Token>
  <Token>
    <TokenIdentifier>
      <Name>number</Name>
      <APILanguage>cpp</APILanguage>
      <Type>data</Type>
      <Scope>Developer</Scope>
    </TokenIdentifier>
    <Path>class_developer.html</Path>
    <Anchor>af8a79869e44207cd6d3ef176cff2f2d1</Anchor>
  </Token>
  <Token>
    <TokenIdentifier>
      <Name>salary</Name>
      <APILanguage>cpp</APILanguage>
      <Type>data</Type>
      <Scope>Developer</Scope>
    </TokenIdentifier>
    <Path>class_developer.html</Path>
    <Anchor>adcd646e88c19d2570f285715076db8bb</Anchor>
  </Token>
  <Token>
    <TokenIdentifier>
      <Name>GameDate</Name>
      <APILanguage>c</APILanguage>
      <Type>cl</Type>
      <Scope>GameDate</Scope>
    </TokenIdentifier>
    <Path>class_game_date.html</Path>
    <DeclaredIn>GameDate.h</DeclaredIn>
  </Token>
  <Token>
    <TokenIdentifier>
      <Name>GameDate</Name>
      <APILanguage>cpp</APILanguage>
      <Type>instm</Type>
      <Scope>GameDate</Scope>
    </TokenIdentifier>
    <Path>class_game_date.html</Path>
    <Anchor>ab0e226510ab6260cd438add7ad3b0e6f</Anchor>
    <DeclaredIn>GameDate.h</DeclaredIn>
  </Token>
  <Token>
    <TokenIdentifier>
      <Name>GameDate</Name>
      <APILanguage>cpp</APILanguage>
      <Type>instm</Type>
      <Scope>GameDate</Scope>
    </TokenIdentifier>
    <Path>class_game_date.html</Path>
    <Anchor>ac1ae5749ab973a55a85a1fd69e04e003</Anchor>
    <DeclaredIn>GameDate.h</DeclaredIn>
  </Token>
  <Token>
    <TokenIdentifier>
      <Name>~GameDate</Name>
      <APILanguage>cpp</APILanguage>
      <Type>instm</Type>
      <Scope>GameDate</Scope>
    </TokenIdentifier>
    <Path>class_game_date.html</Path>
    <Anchor>a036e058a9f70791d229de1568e1a2c73</Anchor>
    <DeclaredIn>GameDate.h</DeclaredIn>
  </Token>
  <Token>
    <TokenIdentifier>
      <Name>setMonth</Name>
      <APILanguage>cpp</APILanguage>
      <Type>instm</Type>
      <Scope>GameDate</Scope>
    </TokenIdentifier>
    <Path>class_game_date.html</Path>
    <Anchor>a55608e9a69e32403ae008291681bbf59</Anchor>
    <DeclaredIn>GameDate.h</DeclaredIn>
  </Token>
  <Token>
    <TokenIdentifier>
      <Name>setDay</Name>
      <APILanguage>cpp</APILanguage>
      <Type>instm</Type>
      <Scope>GameDate</Scope>
    </TokenIdentifier>
    <Path>class_game_date.html</Path>
    <Anchor>aba5c6ab5a4f050ceb431fbcd037009d3</Anchor>
    <DeclaredIn>GameDate.h</DeclaredIn>
  </Token>
  <Token>
    <TokenIdentifier>
      <Name>setYear</Name>
      <APILanguage>cpp</APILanguage>
      <Type>instm</Type>
      <Scope>GameDate</Scope>
    </TokenIdentifier>
    <Path>class_game_date.html</Path>
    <Anchor>adcaba92c4db1fa259a5d8ae9704064e5</Anchor>
    <DeclaredIn>GameDate.h</DeclaredIn>
  </Token>
  <Token>
    <TokenIdentifier>
      <Name>getDay</Name>
      <APILanguage>cpp</APILanguage>
      <Type>instm</Type>
      <Scope>GameDate</Scope>
    </TokenIdentifier>
    <Path>class_game_date.html</Path>
    <Anchor>aa5f51d52c16e608253fd4c2762a1dfbb</Anchor>
    <DeclaredIn>GameDate.h</DeclaredIn>
  </Token>
  <Token>
    <TokenIdentifier>
      <Name>getMonth</Name>
      <APILanguage>cpp</APILanguage>
      <Type>instm</Type>
      <Scope>GameDate</Scope>
    </TokenIdentifier>
    <Path>class_game_date.html</Path>
    <Anchor>a2b8fba33da7e4820587a2e6ccc9411e0</Anchor>
    <DeclaredIn>GameDate.h</DeclaredIn>
  </Token>
  <Token>
    <TokenIdentifier>
      <Name>getYear</Name>
      <APILanguage>cpp</APILanguage>
      <Type>instm</Type>
      <Scope>GameDate</Scope>
    </TokenIdentifier>
    <Path>class_game_date.html</Path>
    <Anchor>ac996cd8d1fbd5a4ad9ede22a6b9aa7aa</Anchor>
    <DeclaredIn>GameDate.h</DeclaredIn>
  </Token>
  <Token>
    <TokenIdentifier>
      <Name>print</Name>
      <APILanguage>cpp</APILanguage>
      <Type>instm</Type>
      <Scope>GameDate</Scope>
    </TokenIdentifier>
    <Path>class_game_date.html</Path>
    <Anchor>ae0829c804c22c72d1fe34080aed5cea3</Anchor>
    <DeclaredIn>GameDate.h</DeclaredIn>
  </Token>
  <Token>
    <TokenIdentifier>
      <Name>MDY</Name>
      <APILanguage>cpp</APILanguage>
      <Type>clm</Type>
      <Scope>GameDate</Scope>
    </TokenIdentifier>
    <Path>class_game_date.html</Path>
    <Anchor>a46f2fcc90a57600fd45b783d9f8cd0c3</Anchor>
    <DeclaredIn>GameDate.h</DeclaredIn>
  </Token>
  <Token>
    <TokenIdentifier>
      <Name>my_NumberT</Name>
      <APILanguage>c</APILanguage>
      <Type>tmplt</Type>
      <Scope>my_NumberT</Scope>
    </TokenIdentifier>
    <Path>classmy___number_t.html</Path>
    <DeclaredIn>my_NumberT.h</DeclaredIn>
  </Token>
  <Token>
    <TokenIdentifier>
      <Name>my_NumberT</Name>
      <APILanguage>cpp</APILanguage>
      <Type>instm</Type>
      <Scope>my_NumberT</Scope>
    </TokenIdentifier>
    <Path>classmy___number_t.html</Path>
    <Anchor>aae9f7035af1da340e063e9618dc642a2</Anchor>
    <DeclaredIn>my_NumberT.h</DeclaredIn>
  </Token>
  <Token>
    <TokenIdentifier>
      <Name>my_NumberT</Name>
      <APILanguage>cpp</APILanguage>
      <Type>instm</Type>
      <Scope>my_NumberT</Scope>
    </TokenIdentifier>
    <Path>classmy___number_t.html</Path>
    <Anchor>a711259667444161bbdc149533e8dd2b8</Anchor>
    <DeclaredIn>my_NumberT.h</DeclaredIn>
  </Token>
  <Token>
    <TokenIdentifier>
      <Name>getValue</Name>
      <APILanguage>cpp</APILanguage>
      <Type>instm</Type>
      <Scope>my_NumberT</Scope>
    </TokenIdentifier>
    <Path>classmy___number_t.html</Path>
    <Anchor>ac987528d323d8a2ed013a200ddb13a5f</Anchor>
    <DeclaredIn>my_NumberT.h</DeclaredIn>
  </Token>
  <Token>
    <TokenIdentifier>
      <Name>setValue</Name>
      <APILanguage>cpp</APILanguage>
      <Type>instm</Type>
      <Scope>my_NumberT</Scope>
    </TokenIdentifier>
    <Path>classmy___number_t.html</Path>
    <Anchor>a0df005c28c1b133efdf67283126fae17</Anchor>
    <DeclaredIn>my_NumberT.h</DeclaredIn>
  </Token>
